Intern_ID,Attendance (%),Tasks Completed,Average Task Score,Mentor Feedback,Meetings Attended,Learning Hours,Deadlines Missed,Performance
INT1001,88,13,57,5,2,29,0,High
INT1002,78,17,70,1,9,59,0,Medium
INT1003,64,22,67,3,8,42,1,Medium
INT1004,92,19,79,3,8,68,4,Medium
INT1005,57,8,67,5,7,52,3,Medium
INT1006,70,19,95,4,4,88,5,Medium
INT1007,88,26,96,1,2,21,4,Low
INT1008,68,6,80,5,3,49,2,High
INT1009,72,19,87,2,6,29,0,Medium
INT1010,60,12,81,2,5,47,2,Low
INT1011,60,12,60,1,8,12,3,Low
INT1012,73,21,94,4,6,37,2,High
INT1013,85,16,74,5,6,65,4,High
INT1014,89,23,82,3,1,99,2,High
INT1015,73,14,87,1,4,22,3,Low
INT1016,52,13,90,4,5,86,3,Medium
INT1017,71,9,57,3,3,75,3,Low
INT1018,51,10,60,2,9,46,4,Low
INT1019,73,24,71,2,1,58,3,Medium
INT1020,93,30,100,3,6,75,0,High
INT1021,79,6,73,1,6,45,3,Low
INT1022,87,28,90,2,10,63,2,High
INT1023,51,17,66,5,5,35,5,Low
INT1024,70,10,61,3,5,84,2,Medium
INT1025,82,9,95,3,10,81,5,Medium
INT1026,61,29,81,2,5,49,2,Medium
INT1027,71,5,64,1,6,52,4,Low
INT1028,93,25,65,5,8,31,2,High
INT1029,74,26,71,1,2,29,4,Low
INT1030,98,25,77,4,6,17,4,Medium
INT1031,76,10,69,4,1,38,3,Medium
INT1032,91,10,82,2,4,49,0,Medium
INT1033,77,27,59,2,10,99,5,Low
INT1034,65,20,89,2,3,39,3,Medium
INT1035,64,8,81,4,9,90,3,Medium
INT1036,96,15,99,1,3,93,4,Medium
INT1037,100,28,82,1,6,64,4,Medium
INT1038,93,27,51,2,1,25,5,Low
INT1039,52,13,82,5,6,55,2,High
INT1040,86,27,82,1,4,71,2,Medium
INT1041,100,7,90,4,8,16,3,Medium
INT1042,56,23,62,3,9,89,1,High
INT1043,70,12,79,3,4,54,1,Medium
INT1044,58,9,82,3,10,68,2,Medium
INT1045,88,8,62,5,10,65,1,High
INT1046,67,28,75,2,6,57,2,Medium
INT1047,53,10,71,4,1,36,4,Low
INT1048,74,6,88,5,4,62,3,High
INT1049,63,24,51,4,7,96,0,High
INT1050,99,15,87,4,1,97,3,High
INT1051,58,8,88,2,8,82,2,Medium
INT1052,75,19,75,3,10,44,2,Medium
INT1053,51,10,95,2,6,60,3,Low
INT1054,69,26,99,5,5,93,5,High
INT1055,77,21,64,5,10,46,2,High
INT1056,96,28,83,5,9,90,1,High
INT1057,56,10,91,2,2,66,1,Medium
INT1058,93,23,93,4,5,17,2,High
INT1059,57,29,98,4,6,88,2,High
INT1060,96,6,89,1,7,29,5,Low
INT1061,84,19,60,5,5,62,1,High
INT1062,63,15,52,4,9,21,2,Medium
INT1063,66,12,55,1,1,58,2,Low
INT1064,85,30,58,4,7,26,5,Medium
INT1065,99,23,55,5,10,73,5,Medium
INT1066,89,17,58,3,7,51,3,Medium
INT1067,53,16,88,5,4,38,5,Medium
INT1068,51,9,80,2,9,28,0,Medium
INT1069,55,10,81,4,5,20,1,Medium
INT1070,91,30,90,4,4,59,3,High
INT1071,53,26,99,2,7,80,0,High
INT1072,78,8,61,2,4,67,2,Low
INT1073,67,23,57,3,3,43,2,Medium
INT1074,75,24,57,4,9,29,3,Medium
INT1075,93,5,99,4,8,59,5,Medium
INT1076,83,24,77,3,1,97,2,High
INT1077,59,21,69,1,7,19,4,Low
INT1078,85,16,96,3,9,41,3,Medium
INT1079,63,19,56,5,8,61,0,High
INT1080,80,5,60,4,8,24,3,Low
INT1081,97,30,69,2,6,93,1,High
INT1082,64,18,65,5,4,12,5,Low
INT1083,57,10,53,4,8,46,5,Low
INT1084,63,9,55,3,3,49,3,Low
INT1085,72,15,71,5,9,81,2,High
INT1086,89,8,75,4,2,49,2,Medium
INT1087,70,17,52,1,2,65,4,Low
INT1088,65,15,90,1,7,32,4,Low
INT1089,94,7,91,2,10,20,5,Low
INT1090,67,5,63,4,4,73,4,Low
INT1091,96,10,60,1,10,17,0,Low
INT1092,73,22,67,3,8,65,4,Medium
INT1093,75,28,61,4,9,69,0,High
INT1094,74,14,72,3,7,19,4,Low
INT1095,94,9,61,3,5,48,5,Low
INT1096,90,27,62,1,8,37,5,Low
INT1097,78,14,74,4,4,58,0,High
INT1098,64,16,94,5,2,45,3,High
INT1099,94,6,100,1,6,22,5,Low
INT1100,50,17,68,1,9,45,3,Low
INT1101,74,12,95,4,1,35,2,High
INT1102,56,6,85,4,10,95,0,High
INT1103,58,24,94,3,7,13,5,Low
INT1104,73,5,57,4,10,91,1,Medium
INT1105,50,9,78,3,9,73,2,Medium
INT1106,93,13,81,1,10,47,3,Low
INT1107,57,21,100,2,9,97,5,Medium
INT1108,73,13,93,5,10,96,0,High
INT1109,60,15,67,1,3,31,4,Low
INT1110,100,19,55,4,5,11,1,High
INT1111,66,28,67,5,8,40,3,High
INT1112,57,10,68,2,8,20,2,Low
INT1113,84,27,71,2,4,55,0,High
INT1114,84,7,86,3,1,71,1,High
INT1115,82,21,81,5,1,78,0,High
INT1116,54,9,90,3,4,73,5,Low
INT1117,91,16,52,1,6,19,4,Low
INT1118,88,22,77,5,8,49,2,High
INT1119,90,18,59,1,6,33,0,Medium
INT1120,77,25,100,3,9,53,3,High
INT1121,56,28,84,5,9,69,5,Medium
INT1122,58,15,78,3,2,71,5,Low
INT1123,57,13,64,5,10,96,2,High
INT1124,61,6,82,3,1,26,5,Low
INT1125,83,16,56,2,2,74,3,Low
INT1126,82,7,61,3,5,66,0,Medium
INT1127,97,7,98,2,4,64,2,Medium
INT1128,72,5,79,3,4,62,5,Low
INT1129,73,12,70,5,9,65,5,Medium
INT1130,86,26,80,5,8,18,3,High
INT1131,84,12,73,5,6,31,4,Medium
INT1132,93,15,69,4,1,22,4,Medium
INT1133,89,13,86,1,2,98,5,Low
INT1134,71,9,53,5,6,57,0,High
INT1135,76,18,77,2,2,27,2,Medium
INT1136,84,7,93,5,10,85,5,Medium
INT1137,50,25,69,4,5,49,1,High
INT1138,84,9,73,2,5,26,2,Low
INT1139,86,9,99,4,6,24,4,Medium
INT1140,96,23,98,2,6,24,5,Low
INT1141,63,18,100,3,6,88,3,High
INT1142,52,30,81,1,2,72,1,Medium
INT1143,50,8,90,1,10,48,5,Low
INT1144,54,29,85,4,3,22,0,High
INT1145,75,17,83,1,6,90,1,Medium
INT1146,63,14,85,4,8,41,5,Low
INT1147,88,29,51,4,1,18,0,High
INT1148,76,22,64,4,1,49,1,High
INT1149,58,12,83,1,2,29,0,Low
INT1150,64,12,85,4,6,99,0,High
INT1151,64,11,55,1,9,100,1,Low
INT1152,75,12,88,4,4,94,1,High
INT1153,91,18,91,5,3,91,0,High
INT1154,62,23,100,4,8,86,4,High
INT1155,100,10,100,2,10,89,1,High
INT1156,81,5,61,4,9,82,5,Low
INT1157,88,27,52,3,5,72,2,Medium
INT1158,98,19,94,4,9,85,3,High
INT1159,81,5,67,2,2,53,0,Medium
INT1160,53,29,89,2,3,47,0,High
INT1161,79,21,70,1,7,92,3,Medium
INT1162,86,5,64,5,7,69,4,Medium
INT1163,72,19,82,4,6,80,3,High
INT1164,88,27,84,1,6,57,1,Medium
INT1165,94,6,75,5,2,27,3,Medium
INT1166,64,18,57,4,10,25,0,Medium
INT1167,92,25,85,3,6,64,3,High
INT1168,78,12,97,4,4,48,2,High
INT1169,85,12,79,2,3,77,5,Low
INT1170,62,23,72,2,2,68,1,Medium
INT1171,81,11,91,3,1,98,3,Medium
INT1172,56,23,93,1,5,71,0,Medium
INT1173,100,10,63,5,2,22,5,Medium
INT1174,71,10,63,4,2,90,1,High
INT1175,77,7,51,2,7,15,0,Low
INT1176,51,11,86,1,8,92,4,Low
INT1177,91,23,54,3,10,86,2,High
INT1178,94,12,87,2,8,69,4,Medium
INT1179,55,14,94,3,4,99,2,High
INT1180,77,24,90,4,1,23,3,Medium
INT1181,77,19,96,5,7,63,1,High
INT1182,93,19,63,2,1,13,3,Low
INT1183,93,5,88,2,4,48,2,Medium
INT1184,69,24,74,4,8,81,2,High
INT1185,79,11,69,1,2,34,2,Low
INT1186,60,8,51,5,6,86,5,Low
INT1187,77,10,88,2,6,41,0,Medium
INT1188,74,29,55,5,9,68,1,High
INT1189,88,5,66,2,5,72,3,Low
INT1190,82,9,74,5,10,47,3,Medium
INT1191,50,27,77,3,4,62,4,Medium
INT1192,76,5,51,2,5,76,2,Low
INT1193,62,8,84,5,10,37,2,Medium
INT1194,90,26,86,1,5,12,2,Medium
INT1195,52,6,54,3,8,89,3,Low
INT1196,88,14,50,3,10,31,4,Low
INT1197,55,9,89,1,8,47,0,Medium
INT1198,57,14,61,5,2,81,5,Medium
INT1199,76,5,85,4,7,81,1,High
INT1200,58,26,94,1,8,71,0,High
INT1201,86,10,72,5,6,66,3,High
INT1202,82,17,96,1,5,15,5,Low
INT1203,100,19,80,1,9,87,5,Low
INT1204,91,8,60,2,3,41,5,Low
INT1205,93,17,59,5,10,19,2,High
INT1206,73,28,52,4,4,12,1,Medium
INT1207,64,24,63,2,9,68,3,Low
INT1208,81,28,65,1,6,85,3,Medium
INT1209,81,19,59,1,8,58,5,Low
INT1210,73,12,78,1,7,68,3,Low
INT1211,90,9,59,5,2,40,1,High
INT1212,98,19,61,5,3,78,1,High
INT1213,98,8,79,2,1,71,4,Low
INT1214,61,16,90,4,9,61,4,Medium
INT1215,88,17,50,2,7,98,0,High
INT1216,51,6,54,3,1,50,1,Low
INT1217,52,23,69,1,3,40,1,Low
INT1218,98,23,57,1,4,94,1,Medium
INT1219,86,8,92,1,4,93,4,Low
INT1220,98,8,61,2,5,31,5,Low
INT1221,66,30,50,2,3,13,5,Low
INT1222,98,15,69,1,3,22,3,Low
INT1223,51,9,77,2,1,54,5,Low
INT1224,51,24,92,5,7,51,2,High
INT1225,77,15,86,5,10,58,4,High
INT1226,72,14,96,2,1,29,1,Medium
INT1227,86,12,86,1,2,86,5,Low
INT1228,81,10,61,2,4,90,4,Low
INT1229,82,10,86,2,4,63,5,Low
INT1230,50,12,98,2,5,45,0,Medium
INT1231,68,27,98,3,2,10,1,High
INT1232,51,19,93,5,4,24,0,High
INT1233,93,30,77,4,1,86,1,High
INT1234,75,18,96,4,2,26,4,Medium
INT1235,81,15,64,3,1,33,3,Low
INT1236,55,16,55,2,10,67,5,Low
INT1237,81,30,93,3,10,81,5,Medium
INT1238,53,17,69,3,4,100,2,Medium
INT1239,60,12,99,1,4,32,0,Medium
INT1240,66,22,63,5,7,55,5,Medium
INT1241,87,29,51,4,10,81,4,Medium
INT1242,73,5,58,2,9,17,3,Low
INT1243,54,19,86,4,9,68,4,Medium
INT1244,83,12,69,4,5,99,0,High
INT1245,55,15,75,5,10,68,2,High
INT1246,71,16,78,4,1,22,5,Low
INT1247,60,16,50,4,1,48,4,Low
INT1248,97,8,84,3,6,37,1,Medium
INT1249,65,20,55,5,2,98,3,High
INT1250,82,8,86,1,8,70,4,Low
INT1251,58,9,54,2,9,25,3,Low
INT1252,55,28,82,4,4,11,5,Low
INT1253,65,9,98,2,5,91,1,Medium
INT1254,78,12,100,1,8,26,2,Low
INT1255,52,14,63,2,3,39,2,Low
INT1256,69,21,61,1,5,22,1,Low
INT1257,85,30,91,3,3,91,3,High
INT1258,68,13,69,4,10,22,5,Low
INT1259,75,26,99,1,3,52,4,Low
INT1260,52,23,73,2,3,94,1,Medium
INT1261,68,18,92,4,7,30,0,High
INT1262,69,12,83,3,7,64,3,Medium
INT1263,81,13,74,4,7,90,2,High
INT1264,56,26,99,1,10,49,1,Medium
INT1265,90,15,78,3,8,92,2,High
INT1266,82,27,88,2,5,24,3,Medium
INT1267,89,5,80,3,5,82,2,Medium
INT1268,88,18,96,3,4,61,1,High
INT1269,67,9,92,5,7,83,3,High
INT1270,89,25,99,3,10,62,0,High
INT1271,50,30,72,3,4,96,1,High
INT1272,60,18,93,4,2,61,4,Medium
INT1273,77,8,87,2,4,39,5,Low
INT1274,74,26,69,4,8,42,1,High
INT1275,99,27,72,4,9,66,3,High
INT1276,72,29,94,1,3,61,5,Low
INT1277,80,5,65,4,7,18,1,Medium
INT1278,79,26,99,5,9,63,0,High
INT1279,91,27,91,5,4,10,0,High
INT1280,84,23,57,1,10,53,4,Low
INT1281,56,12,99,2,3,84,2,Medium
INT1282,65,19,70,2,5,89,5,Low
INT1283,75,25,50,4,1,18,3,Medium
INT1284,97,19,57,4,3,41,3,Medium
INT1285,98,13,78,4,8,24,2,High
INT1286,51,25,81,2,8,21,0,Medium
INT1287,50,13,87,3,4,87,0,High
INT1288,97,14,54,5,2,66,1,High
INT1289,61,24,96,3,8,17,4,Medium
INT1290,54,29,71,3,8,81,5,Medium
INT1291,86,25,96,2,10,36,4,Medium
INT1292,81,30,83,3,4,71,4,Medium
INT1293,58,13,50,1,3,21,1,Low
INT1294,90,7,75,4,2,74,4,Medium
INT1295,84,24,92,1,9,51,2,Medium
INT1296,68,29,59,5,1,71,1,High
INT1297,97,30,79,4,7,20,2,High
INT1298,65,15,99,3,5,52,1,High
INT1299,52,10,67,5,8,26,4,Low
INT1300,69,6,66,4,4,41,2,Medium
INT1301,73,11,75,3,7,94,2,Medium
INT1302,82,22,57,1,5,94,2,Medium
INT1303,73,6,96,4,5,49,1,High
INT1304,60,21,89,3,9,32,3,Medium
INT1305,98,15,98,1,9,65,4,Medium
INT1306,57,16,61,5,9,15,2,Medium
INT1307,85,23,76,5,6,95,5,High
INT1308,87,26,57,5,6,59,3,High
INT1309,89,28,74,5,5,46,5,High
INT1310,69,29,95,2,9,73,4,Medium
INT1311,84,11,53,4,10,63,4,Medium
INT1312,97,24,82,4,8,81,2,High
INT1313,74,10,50,2,7,58,2,Low
INT1314,84,25,68,3,7,20,1,Medium
INT1315,74,28,80,3,6,97,3,High
INT1316,78,5,65,5,5,58,3,Medium
INT1317,67,21,63,1,4,30,2,Low
INT1318,95,15,97,3,3,75,4,Medium
INT1319,67,26,54,1,3,72,2,Low
INT1320,51,30,90,4,6,92,4,High
INT1321,84,22,75,1,4,37,4,Low
INT1322,65,25,77,4,6,26,2,Medium
INT1323,90,21,51,2,3,15,0,Medium
INT1324,85,11,99,2,4,28,3,Medium
INT1325,82,21,55,5,9,65,5,Medium
INT1326,53,24,58,3,5,37,4,Low
INT1327,82,13,82,5,7,75,4,High
INT1328,63,21,90,4,10,47,0,High
INT1329,70,24,74,5,2,46,5,Medium
INT1330,97,26,97,1,5,77,1,High
INT1331,69,26,62,4,9,95,0,High
INT1332,57,12,58,2,3,99,5,Low
INT1333,56,21,62,3,9,58,0,Medium
INT1334,52,11,80,4,6,52,4,Low
INT1335,66,5,90,4,4,45,3,Medium
INT1336,82,17,60,1,7,67,0,Medium
INT1337,97,27,53,3,8,22,1,Medium
INT1338,61,23,83,2,6,61,2,Medium
INT1339,100,28,87,4,5,67,5,High
INT1340,71,23,95,4,6,41,0,High
INT1341,71,21,53,1,5,90,0,Medium
INT1342,95,17,87,5,8,69,1,High
INT1343,79,20,68,2,1,92,3,Medium
INT1344,87,12,55,3,7,67,0,High
INT1345,87,23,83,4,10,65,0,High
INT1346,94,22,67,4,10,37,3,Medium
INT1347,100,5,62,2,2,10,1,Low
INT1348,57,18,90,5,9,51,5,Medium
INT1349,76,23,72,4,1,91,5,Medium
INT1350,76,19,68,2,10,57,0,Medium
INT1351,83,22,94,1,6,49,3,Medium
INT1352,70,6,60,5,9,72,0,High
INT1353,79,26,50,3,1,85,2,Medium
INT1354,82,21,73,4,4,81,5,Medium
INT1355,77,22,56,2,4,97,4,Low
INT1356,96,10,74,1,9,89,2,Medium
INT1357,82,23,70,3,5,13,0,High
INT1358,54,8,64,2,5,47,1,Low
INT1359,97,5,50,2,6,36,5,Low
INT1360,68,12,61,3,1,18,4,Low
INT1361,53,27,56,1,1,25,2,Low
INT1362,84,11,64,1,9,65,5,Low
INT1363,98,7,70,5,3,85,3,High
INT1364,66,14,68,4,4,40,1,Medium
INT1365,93,14,78,3,1,97,2,High
INT1366,77,23,74,3,9,23,3,Medium
INT1367,79,18,82,3,8,34,0,High
INT1368,78,6,98,1,2,43,3,Low
INT1369,95,5,81,4,8,76,2,High
INT1370,55,27,98,5,7,33,2,High
INT1371,84,27,84,2,6,82,0,High
INT1372,90,22,93,2,1,35,3,Medium
INT1373,86,11,87,3,7,29,3,Medium
INT1374,73,12,75,4,10,73,0,High
INT1375,78,5,60,1,7,19,3,Low
INT1376,98,29,84,4,9,92,5,High
INT1377,95,27,57,4,1,76,0,High
INT1378,80,7,95,1,2,33,1,Medium
INT1379,84,28,63,3,9,14,2,Medium
INT1380,82,27,59,4,9,76,1,High
INT1381,70,12,51,2,6,67,5,Low
INT1382,81,26,95,1,6,36,5,Low
INT1383,72,29,58,5,4,89,4,High
INT1384,82,19,52,3,4,24,4,Low
INT1385,52,9,70,1,5,44,4,Low
INT1386,67,7,75,5,3,85,0,High
INT1387,74,23,57,5,1,62,3,High
INT1388,91,5,97,4,1,53,5,Medium
INT1389,80,19,51,4,7,35,1,Medium
INT1390,52,12,55,4,1,56,1,Medium
INT1391,89,6,77,1,1,43,1,Low
INT1392,95,7,78,1,3,96,1,Medium
INT1393,73,28,75,3,10,59,4,Medium
INT1394,99,18,74,4,4,93,1,High
INT1395,81,28,61,5,4,21,3,High
INT1396,96,18,54,2,2,96,4,Medium
INT1397,71,15,83,3,1,13,1,Medium
INT1398,72,20,97,1,3,96,0,High
INT1399,51,8,86,3,4,57,2,Medium
INT1400,76,24,64,3,3,64,2,Medium
INT1401,91,9,93,3,8,10,2,Medium
INT1402,51,26,85,3,10,98,4,Medium
INT1403,75,25,64,2,1,75,1,Medium
INT1404,66,18,92,4,2,39,5,Medium
INT1405,89,27,97,5,7,12,5,High
INT1406,82,20,72,3,4,30,5,Low
INT1407,58,22,55,3,8,98,4,Medium
INT1408,92,11,95,3,3,93,3,High
INT1409,97,14,99,4,6,58,0,High
INT1410,88,11,93,1,9,95,0,High
INT1411,78,5,92,1,1,94,2,Medium
INT1412,91,27,94,2,1,71,2,High
INT1413,75,25,70,1,8,47,5,Low
INT1414,84,23,72,3,3,24,5,Low
INT1415,99,20,92,3,5,61,2,High
INT1416,74,23,65,3,1,88,1,High
INT1417,73,8,96,2,5,55,3,Medium
INT1418,62,22,64,3,6,34,3,Low
INT1419,56,6,74,1,8,30,3,Low
INT1420,85,5,85,4,3,97,3,High
INT1421,94,19,60,4,3,14,2,Medium
INT1422,69,9,100,5,10,79,0,High
INT1423,50,24,64,1,9,56,2,Low
INT1424,57,15,53,3,4,96,3,Medium
INT1425,95,14,70,4,4,77,2,High
INT1426,65,6,62,1,7,100,3,Low
INT1427,63,7,71,4,2,27,4,Low
INT1428,61,27,68,3,8,30,5,Low
INT1429,100,27,83,4,6,95,0,High
INT1430,72,16,63,5,3,32,4,Medium
INT1431,64,24,53,5,9,73,1,High
INT1432,77,9,97,4,5,76,2,High
INT1433,83,9,95,1,8,49,1,Medium
INT1434,51,10,76,1,7,19,2,Low
INT1435,81,13,78,1,8,98,5,Low
INT1436,72,6,96,4,7,61,4,Medium
INT1437,71,25,77,1,3,81,5,Low
INT1438,100,16,84,3,2,84,3,High
INT1439,74,7,57,5,7,70,5,Medium
INT1440,71,24,65,3,3,73,5,Low
INT1441,71,30,91,1,3,14,3,Low
INT1442,98,26,85,3,2,62,2,High
INT1443,91,16,79,1,4,64,3,Low
INT1444,55,28,67,4,8,46,4,Medium
INT1445,64,21,51,3,1,65,5,Low
INT1446,92,14,98,4,1,68,3,High
INT1447,86,28,62,4,5,78,5,Medium
INT1448,82,18,53,2,5,82,4,Low
INT1449,57,27,75,1,1,68,1,Medium
INT1450,93,21,74,5,6,11,4,Medium
INT1451,93,22,79,1,1,74,0,High
INT1452,54,23,60,5,5,69,0,High
INT1453,88,21,56,1,9,60,0,Medium
INT1454,53,18,80,4,5,39,5,Low
INT1455,55,13,93,3,6,20,2,Medium
INT1456,94,12,59,3,8,85,2,Medium
INT1457,81,6,88,2,1,48,2,Medium
INT1458,79,17,62,5,2,99,5,Medium
INT1459,96,29,80,5,9,86,4,High
INT1460,84,11,56,5,3,81,2,High
INT1461,89,13,98,4,6,72,1,High
INT1462,65,26,91,5,5,73,0,High
INT1463,62,26,91,3,2,70,4,Medium
INT1464,99,15,85,4,7,63,0,High
INT1465,91,18,69,1,4,82,2,Medium
INT1466,79,8,53,5,1,67,4,Medium
INT1467,68,30,56,5,4,94,3,High
INT1468,66,30,50,1,6,65,1,Medium
INT1469,68,17,93,5,7,43,2,High
INT1470,77,6,94,1,7,40,2,Low
INT1471,75,27,91,4,7,61,1,High
INT1472,86,9,96,3,3,98,1,High
INT1473,75,15,62,1,6,85,3,Low
INT1474,72,10,71,2,8,10,2,Low
INT1475,58,22,70,1,4,64,5,Low
INT1476,61,25,71,5,8,31,2,High
INT1477,50,14,77,4,2,49,0,High
INT1478,50,8,58,4,10,10,4,Low
INT1479,96,13,75,1,9,74,4,Low
INT1480,83,10,58,3,9,72,0,High
INT1481,81,6,64,2,8,63,4,Low
INT1482,97,21,59,4,10,51,1,High
INT1483,74,9,73,5,10,30,4,Medium
INT1484,89,29,91,5,1,88,4,High
INT1485,94,10,57,3,2,90,0,High
INT1486,50,30,73,4,6,31,3,Medium
INT1487,65,16,65,1,10,47,4,Low
INT1488,88,27,98,5,5,89,5,High
INT1489,54,25,75,3,9,17,4,Low
INT1490,71,14,76,4,5,71,3,Medium
INT1491,78,26,86,4,2,56,0,High
INT1492,52,25,53,4,10,26,3,Medium
INT1493,61,29,99,4,4,26,0,High
INT1494,75,10,73,4,9,99,1,High
INT1495,65,12,68,5,1,22,0,High
INT1496,100,6,85,3,1,26,1,Medium
INT1497,86,16,88,4,7,47,1,High
INT1498,71,17,59,2,3,90,0,Medium
INT1499,78,29,74,2,10,87,5,Medium
INT1500,63,25,67,3,2,54,2,Medium
INT1501,77,11,68,1,9,15,0,Low
INT1502,54,14,85,1,3,44,4,Low
INT1503,96,17,59,1,2,23,5,Low
INT1504,98,21,82,2,8,81,5,Medium
INT1505,79,30,99,1,10,70,4,Medium
INT1506,95,25,54,5,6,24,2,High
INT1507,54,30,96,4,6,63,5,Medium
INT1508,61,18,98,2,10,36,1,Medium
INT1509,65,6,84,3,7,22,2,Low
INT1510,75,26,93,3,7,40,4,Medium
INT1511,75,15,83,4,6,44,2,High
INT1512,97,5,82,2,4,69,0,High
INT1513,70,23,70,1,9,15,2,Low
INT1514,88,25,66,1,6,78,1,Medium
INT1515,85,8,71,5,4,95,0,High
INT1516,82,23,97,5,3,67,3,High
INT1517,79,30,86,1,4,58,4,Medium
INT1518,86,25,64,3,3,32,4,Medium
INT1519,72,15,84,3,2,98,2,High
INT1520,59,12,77,5,5,43,5,Medium
INT1521,54,15,56,4,2,35,0,Medium
INT1522,85,8,81,1,6,56,3,Low
INT1523,83,21,60,5,3,14,0,High
INT1524,80,11,59,5,6,99,4,Medium
INT1525,59,12,58,1,10,29,0,Low
INT1526,68,7,63,1,9,15,3,Low
INT1527,81,26,62,3,1,79,5,Medium
INT1528,50,6,74,4,6,68,2,Medium
INT1529,54,27,51,4,9,73,1,High
INT1530,94,19,84,1,4,27,0,Medium
INT1531,53,28,56,2,2,13,1,Low
INT1532,65,26,70,5,4,26,4,Medium
INT1533,73,26,67,5,1,23,2,High
INT1534,65,9,52,1,3,87,2,Low
INT1535,51,28,91,2,10,22,0,Medium
INT1536,98,5,88,3,9,16,5,Low
INT1537,77,30,90,1,10,53,2,Medium
INT1538,81,8,98,1,5,24,0,Medium
INT1539,76,19,60,5,6,28,0,High
INT1540,69,24,88,1,3,72,1,Medium
INT1541,73,23,73,1,5,44,2,Low
INT1542,61,7,95,1,8,90,0,Medium
INT1543,99,24,68,5,6,44,1,High
INT1544,84,15,53,3,4,28,3,Low
INT1545,82,21,75,3,2,29,1,Medium
INT1546,82,17,87,1,9,44,1,Medium
INT1547,100,15,91,5,1,41,0,High
INT1548,92,6,81,3,1,57,4,Medium
INT1549,86,13,88,3,4,53,4,Medium
INT1550,61,30,94,3,7,33,5,Medium
INT1551,52,6,95,5,1,70,4,Medium
INT1552,50,25,85,5,9,26,1,High
INT1553,82,13,89,1,4,80,5,Low
INT1554,89,13,86,4,3,59,0,High
INT1555,59,12,82,3,1,74,2,Medium
INT1556,92,21,85,4,10,41,1,High
INT1557,93,5,52,5,4,45,1,High
INT1558,78,29,58,5,9,22,5,Medium
INT1559,62,15,57,5,10,79,0,High
INT1560,61,12,82,4,6,67,3,Medium
INT1561,80,14,55,5,6,23,1,High
INT1562,95,29,90,1,1,46,3,Medium
INT1563,51,11,88,5,10,88,3,High
INT1564,100,7,53,2,2,77,4,Low
INT1565,99,7,62,4,6,49,0,High
INT1566,84,22,98,2,2,68,3,Medium
INT1567,72,9,51,5,3,89,0,High
INT1568,66,16,54,1,4,25,4,Low
INT1569,75,16,93,3,5,71,0,High
INT1570,57,23,76,5,9,13,1,High
INT1571,78,10,81,1,4,54,3,Low
INT1572,75,6,70,4,9,99,0,High
INT1573,59,16,57,2,10,37,2,Low
INT1574,75,23,87,2,3,75,0,High
INT1575,83,9,57,2,8,40,3,Low
INT1576,100,16,99,4,1,12,4,Medium
INT1577,90,21,52,1,9,17,4,Low
INT1578,56,21,93,4,9,33,3,Medium
INT1579,53,14,52,2,10,24,1,Low
INT1580,99,29,71,5,2,52,1,High
INT1581,94,27,55,3,4,40,4,Medium
INT1582,60,21,51,4,8,82,4,Medium
INT1583,78,19,72,4,7,54,3,Medium
INT1584,85,16,93,1,1,75,1,Medium
INT1585,74,20,51,1,5,17,4,Low
INT1586,70,28,87,4,7,80,1,High
INT1587,85,23,66,2,4,66,4,Low
INT1588,59,12,84,3,1,89,0,High
INT1589,86,25,83,1,9,39,2,Medium
INT1590,58,21,72,2,5,83,5,Low
INT1591,73,27,79,5,2,27,0,High
INT1592,84,9,57,1,8,78,5,Low
INT1593,98,26,71,2,2,48,4,Medium
INT1594,84,20,93,2,3,69,2,Medium
INT1595,97,10,85,3,10,52,2,Medium
INT1596,85,12,54,3,1,54,4,Low
INT1597,67,29,62,5,2,32,4,Medium
INT1598,98,22,78,2,7,78,1,High
INT1599,88,29,80,2,10,15,4,Low
INT1600,81,16,96,3,2,65,3,Medium
INT1601,73,19,65,1,6,13,4,Low
INT1602,72,30,91,1,3,32,3,Medium
INT1603,81,13,79,4,4,15,4,Medium
INT1604,86,17,65,3,8,41,1,Medium
INT1605,61,30,61,4,3,27,3,Medium
INT1606,98,19,66,3,10,24,0,High
INT1607,62,14,65,5,6,49,3,Medium
INT1608,72,20,61,2,1,82,1,Medium
INT1609,74,11,57,5,7,83,5,Medium
INT1610,84,21,69,3,8,93,3,Medium
INT1611,90,27,52,2,8,15,4,Low
INT1612,79,30,65,1,3,72,4,Low
INT1613,66,25,79,1,10,76,5,Low
INT1614,98,26,94,4,1,20,1,High
INT1615,69,30,72,3,9,52,2,Medium
INT1616,97,11,77,3,6,26,4,Low
INT1617,74,18,100,1,9,13,0,Medium
INT1618,71,19,89,5,7,72,1,High
INT1619,62,25,54,2,1,77,3,Low
INT1620,68,11,69,5,1,90,3,High
INT1621,98,13,89,5,6,50,0,High
INT1622,85,23,93,1,5,92,4,Medium
INT1623,61,20,50,1,9,14,1,Low
INT1624,90,12,79,1,2,41,0,Medium
INT1625,68,22,70,4,8,95,4,Medium
INT1626,61,27,69,5,5,79,1,High
INT1627,58,22,55,3,2,44,3,Low
INT1628,56,24,71,2,10,31,1,Medium
INT1629,77,11,67,4,6,74,5,Medium
INT1630,63,7,57,3,10,93,2,Medium
INT1631,80,22,88,5,8,31,1,High
INT1632,68,14,81,1,4,20,2,Low
INT1633,96,11,82,5,2,86,1,High
INT1634,65,21,65,2,5,12,2,Low
INT1635,54,18,61,4,2,18,5,Low
INT1636,84,28,87,4,2,69,3,High
INT1637,61,7,83,2,6,85,4,Low
INT1638,74,16,63,3,10,96,2,Medium
INT1639,70,17,85,3,9,23,5,Low
INT1640,85,6,82,4,4,27,2,Medium
INT1641,72,7,72,4,6,82,3,Medium
INT1642,65,9,99,1,7,32,2,Low
INT1643,88,15,94,3,6,83,5,Medium
INT1644,94,12,51,2,8,92,5,Low
INT1645,91,30,90,3,4,56,0,High
INT1646,88,27,70,1,1,78,3,Medium
INT1647,63,27,51,4,7,56,0,High
INT1648,80,16,76,4,3,96,3,High
INT1649,54,11,58,1,6,39,2,Low
INT1650,84,19,50,2,2,34,5,Low
INT1651,72,28,60,4,9,37,0,High
INT1652,78,21,52,5,1,34,2,High
INT1653,92,8,72,4,6,83,5,Medium
INT1654,60,26,75,5,6,87,3,High
INT1655,67,29,53,1,5,67,5,Low
INT1656,96,17,67,1,5,50,2,Medium
INT1657,61,22,55,4,1,34,0,High
INT1658,58,5,84,3,10,87,0,High
INT1659,59,20,71,5,5,57,5,Medium
INT1660,93,17,92,2,2,19,2,Medium
INT1661,66,14,64,4,7,84,1,High
INT1662,87,16,71,2,3,20,3,Low
INT1663,56,6,86,4,4,94,3,Medium
INT1664,95,27,91,3,3,30,2,High
INT1665,62,7,61,3,3,95,1,Medium
INT1666,89,14,96,3,4,54,0,High
INT1667,91,6,98,3,5,16,4,Low
INT1668,58,27,91,1,1,90,4,Medium
INT1669,99,17,87,1,4,73,2,Medium
INT1670,76,17,67,5,8,73,1,High
INT1671,51,22,94,2,10,11,1,Medium
INT1672,54,7,84,4,7,85,3,Medium
INT1673,78,11,79,4,9,51,0,High
INT1674,86,18,73,1,5,91,5,Low
INT1675,87,24,91,4,10,63,1,High
INT1676,68,21,79,1,4,84,5,Low
INT1677,57,25,63,5,8,25,4,Medium
INT1678,97,16,55,2,9,27,5,Low
INT1679,94,29,52,5,7,68,0,High
INT1680,50,20,65,3,7,99,0,High
INT1681,71,28,56,3,5,25,5,Low
INT1682,66,16,63,3,4,15,2,Low
INT1683,56,19,58,5,10,66,1,High
INT1684,74,29,64,4,1,56,2,High
INT1685,94,14,70,2,10,57,5,Low
INT1686,53,29,84,3,10,51,1,High
INT1687,85,11,51,3,7,85,3,Medium
INT1688,55,24,76,3,1,69,2,Medium
INT1689,80,9,51,2,1,86,2,Low
INT1690,68,5,84,3,5,13,5,Low
INT1691,93,21,67,2,9,11,4,Low
INT1692,88,7,63,3,6,99,5,Low
INT1693,76,17,69,5,3,68,2,High
INT1694,59,18,67,5,3,36,1,High
INT1695,75,28,59,2,7,36,4,Low
INT1696,68,22,74,5,6,88,5,Medium
INT1697,88,8,51,2,9,81,5,Low
INT1698,52,22,74,5,6,16,2,Medium
INT1699,94,9,82,5,5,72,2,High
INT1700,62,29,85,2,10,55,3,Medium
INT1701,99,20,80,4,7,72,5,Medium
INT1702,77,5,63,5,1,21,2,Medium
INT1703,69,25,50,3,7,22,0,Medium
INT1704,77,18,95,4,3,52,4,Medium
INT1705,57,19,65,2,9,26,0,Medium
INT1706,90,13,95,4,6,72,4,High
INT1707,88,19,52,1,9,90,5,Low
INT1708,50,21,84,1,5,45,3,Low
INT1709,52,29,90,5,7,94,2,High
INT1710,62,28,55,5,4,17,2,Medium
INT1711,77,8,74,3,7,78,2,Medium
INT1712,98,16,62,4,1,99,5,Medium
INT1713,74,30,83,1,7,89,4,Medium
INT1714,82,9,57,5,8,45,2,Medium
INT1715,87,9,70,4,5,37,0,High
INT1716,55,15,83,5,2,56,2,High
INT1717,93,10,53,5,5,85,5,Medium
INT1718,94,11,74,1,6,39,3,Low
INT1719,81,28,64,1,2,32,0,Medium
INT1720,94,18,53,5,6,25,2,High
INT1721,96,28,94,2,6,23,2,Medium
INT1722,70,15,61,5,1,83,1,High
INT1723,65,17,81,5,1,80,4,High
INT1724,70,6,81,3,10,61,0,Medium
INT1725,60,29,77,3,3,46,1,High
INT1726,86,11,62,3,10,38,3,Low
INT1727,85,24,80,2,10,76,4,Medium
INT1728,84,8,63,2,3,24,0,Medium
INT1729,68,12,69,5,4,56,2,High
INT1730,69,24,67,3,2,55,0,High
INT1731,67,26,78,2,9,61,2,Medium
INT1732,96,25,55,1,10,28,4,Low
INT1733,90,23,81,5,7,86,2,High
INT1734,98,17,78,4,7,30,3,Medium
INT1735,63,18,92,5,6,73,5,Medium
INT1736,64,14,51,4,3,46,2,Medium
INT1737,80,15,72,3,6,36,3,Medium
INT1738,50,6,68,4,8,64,5,Low
INT1739,52,29,80,3,8,38,4,Medium
INT1740,65,30,100,1,9,29,4,Low
INT1741,72,13,54,4,1,34,0,Medium
INT1742,60,21,68,5,1,79,3,High
INT1743,61,30,83,3,3,72,3,Medium
INT1744,59,7,59,5,3,45,1,Medium
INT1745,81,28,74,2,10,11,1,Medium
INT1746,65,10,51,3,8,31,5,Low
INT1747,57,9,60,4,10,25,5,Low
INT1748,87,9,99,3,1,27,1,High
INT1749,61,26,80,5,2,78,5,High
INT1750,73,19,64,1,2,63,2,Low
INT1751,77,27,58,3,3,39,1,Medium
INT1752,57,21,72,4,6,54,3,Medium
INT1753,77,13,68,2,1,28,2,Low
INT1754,85,7,58,1,2,96,5,Low
INT1755,75,24,84,2,1,43,4,Low
INT1756,57,30,70,3,5,22,0,High
INT1757,99,21,58,5,7,52,1,High
INT1758,77,14,77,5,8,71,4,High
INT1759,77,7,95,4,10,31,5,Low
INT1760,86,22,100,5,1,61,3,High
INT1761,90,22,56,1,7,61,0,Medium
INT1762,85,21,65,5,5,45,4,Medium
INT1763,76,28,65,4,10,82,0,High
INT1764,66,7,82,3,1,28,1,Medium
INT1765,58,7,53,3,3,47,5,Low
INT1766,82,10,53,5,7,79,3,Medium
INT1767,69,17,88,2,10,88,5,Low
INT1768,62,28,89,3,1,66,0,High
INT1769,77,19,66,5,7,29,4,Medium
INT1770,97,29,86,4,5,18,1,High
INT1771,78,13,88,5,1,41,1,High
INT1772,62,8,78,3,1,13,5,Low
INT1773,95,18,85,4,1,59,4,High
INT1774,84,9,87,5,9,91,4,High
INT1775,55,6,88,1,3,14,0,Low
INT1776,67,15,99,4,5,29,5,Medium
INT1777,100,13,86,1,10,96,5,Low
INT1778,54,28,84,2,9,84,2,Medium
INT1779,96,7,56,4,6,46,5,Low
INT1780,74,13,76,1,9,31,1,Low
INT1781,51,7,77,3,8,67,0,Medium
INT1782,59,29,71,3,8,77,4,Medium
INT1783,79,6,63,2,1,53,5,Low
INT1784,99,16,56,4,9,43,0,High
INT1785,94,14,86,4,6,86,5,Medium
INT1786,54,13,71,4,9,51,4,Low
INT1787,82,19,54,2,3,18,3,Low
INT1788,50,12,51,4,3,16,4,Low
INT1789,67,29,76,3,6,77,4,Medium
INT1790,81,9,70,1,9,28,4,Low
INT1791,96,15,87,3,7,40,5,Medium
INT1792,98,6,64,3,3,44,2,Medium
INT1793,60,28,70,1,3,66,4,Low
INT1794,70,19,59,3,2,94,1,High
INT1795,75,10,72,2,9,70,1,Medium
INT1796,74,12,88,1,3,40,0,Medium
INT1797,71,9,54,3,5,92,2,Medium
INT1798,76,20,50,5,9,62,0,High
INT1799,98,30,62,3,8,41,1,High
INT1800,62,22,70,2,2,75,1,Medium
INT1801,82,10,75,4,3,68,3,Medium
INT1802,83,9,99,3,2,19,4,Low
INT1803,90,20,94,4,8,11,1,High
INT1804,84,17,70,5,6,75,5,Medium
INT1805,50,9,67,3,6,69,5,Low
INT1806,70,17,86,1,9,97,0,High
INT1807,97,21,94,4,8,26,0,High
INT1808,55,22,81,5,4,25,4,Medium
INT1809,77,12,85,1,4,25,4,Low
INT1810,66,17,66,1,9,55,3,Low
INT1811,54,23,84,1,1,48,2,Low
INT1812,80,30,98,1,2,40,0,High
INT1813,54,7,60,3,2,97,4,Low
INT1814,87,28,70,3,6,10,0,High
INT1815,52,12,75,3,4,20,4,Low
INT1816,72,6,53,5,10,94,1,High
INT1817,86,12,83,5,3,13,0,High
INT1818,86,17,97,5,3,80,1,High
INT1819,59,17,67,2,3,35,0,Medium
INT1820,59,5,89,5,6,59,2,High
INT1821,68,10,84,3,8,21,3,Low
INT1822,66,28,90,3,7,90,5,Medium
INT1823,70,23,78,2,4,84,5,Low
INT1824,63,20,78,2,4,74,5,Low
INT1825,58,12,87,5,10,56,1,High
INT1826,95,5,91,4,2,62,4,Medium
INT1827,50,20,70,2,1,80,5,Low
INT1828,100,13,91,1,9,11,2,Low
INT1829,94,17,62,3,2,33,5,Low
INT1830,62,15,98,1,8,13,0,Medium
INT1831,53,17,90,3,9,28,1,Medium
INT1832,50,29,66,3,4,35,0,Medium
INT1833,98,25,58,2,8,84,0,High
INT1834,89,14,90,2,9,49,0,High
INT1835,81,8,50,1,10,59,3,Low
INT1836,83,10,51,3,10,52,3,Low
INT1837,77,11,97,1,5,84,4,Low
INT1838,80,9,78,4,7,76,1,High
INT1839,57,15,82,1,10,21,2,Low
INT1840,88,17,59,5,4,76,2,High
INT1841,75,30,99,1,1,36,2,Medium
INT1842,83,29,89,5,3,63,0,High
INT1843,52,23,70,5,5,75,3,High
INT1844,99,27,77,5,3,58,1,High
INT1845,61,14,60,4,7,25,0,Medium
INT1846,50,14,83,1,9,11,3,Low
INT1847,93,15,57,1,6,69,3,Low
INT1848,54,25,71,4,10,63,5,Medium
INT1849,79,11,57,3,1,39,5,Low
INT1850,79,22,98,2,7,93,1,High
INT1851,66,8,64,1,3,47,1,Low
INT1852,97,6,66,2,5,37,1,Medium
INT1853,96,18,72,4,10,34,0,High
INT1854,72,17,73,3,4,19,4,Low
INT1855,64,16,94,3,10,69,1,High
INT1856,86,11,68,3,5,51,5,Low
INT1857,70,6,54,4,5,49,4,Low
INT1858,63,17,81,5,6,86,0,High
INT1859,51,18,93,5,10,51,4,Medium
INT1860,60,21,50,2,10,56,2,Low
INT1861,100,13,72,5,6,46,4,Medium
INT1862,88,21,86,5,8,89,1,High
INT1863,87,12,57,3,8,31,0,Medium
INT1864,83,6,62,3,9,66,1,Medium
INT1865,87,28,57,2,8,93,5,Medium
INT1866,99,17,72,1,2,36,2,Medium
INT1867,83,7,92,2,10,50,5,Low
INT1868,67,20,50,2,1,89,1,Medium
INT1869,79,10,94,4,10,43,1,High
INT1870,64,23,100,4,2,41,1,High
INT1871,76,11,73,2,2,99,3,Medium
INT1872,100,14,84,2,3,98,2,High
INT1873,83,13,73,2,10,75,1,Medium
INT1874,87,6,66,5,7,21,1,High
INT1875,82,19,54,4,2,49,5,Low
INT1876,73,9,69,2,1,82,5,Low
INT1877,64,26,70,3,6,85,1,High
INT1878,79,8,89,3,9,99,0,High
INT1879,91,24,80,5,3,82,3,High
INT1880,100,8,95,5,6,19,5,Medium
INT1881,66,22,85,1,3,57,0,Medium
INT1882,54,8,60,1,1,29,3,Low
INT1883,78,21,64,1,5,48,1,Medium
INT1884,53,16,68,5,10,69,2,High
INT1885,59,26,56,5,4,75,4,Medium
INT1886,66,21,100,5,7,74,4,High
INT1887,59,14,77,3,6,60,1,Medium
INT1888,66,26,100,5,10,45,5,High
INT1889,69,5,92,3,7,33,0,Medium
INT1890,73,26,54,1,5,36,2,Low
INT1891,54,30,54,1,4,11,3,Low
INT1892,83,28,79,1,7,40,1,Medium
INT1893,55,22,81,2,7,66,2,Medium
INT1894,51,22,57,2,6,87,2,Medium
INT1895,62,18,59,4,8,75,5,Low
INT1896,92,19,87,4,4,38,3,High
INT1897,92,16,96,4,10,24,2,High
INT1898,97,8,81,2,5,21,5,Low
INT1899,60,7,97,2,4,37,0,Medium
INT1900,100,24,77,4,1,93,5,High
INT1901,96,16,66,4,8,33,0,High
INT1902,72,11,80,5,1,30,0,High
INT1903,65,15,57,4,5,19,2,Medium
INT1904,80,5,89,5,6,87,5,Medium
INT1905,60,10,74,3,6,27,0,Medium
INT1906,65,19,58,2,5,97,3,Medium
INT1907,57,19,51,4,3,23,2,Medium
INT1908,53,23,64,2,5,43,5,Low
INT1909,89,15,99,2,8,67,5,Medium
INT1910,53,30,52,2,2,85,4,Low
INT1911,74,27,98,3,6,31,5,Medium
INT1912,52,30,85,1,9,79,2,Medium
INT1913,81,6,53,4,8,45,3,Medium
INT1914,52,18,63,1,8,54,5,Low
INT1915,76,6,90,1,8,45,4,Low
INT1916,78,8,90,1,7,31,2,Low
INT1917,81,21,74,2,8,87,0,High
INT1918,99,7,99,5,6,89,1,High
INT1919,100,17,59,2,2,70,1,Medium
INT1920,68,13,70,2,2,65,0,Medium
INT1921,70,11,85,1,8,98,5,Low
INT1922,54,19,61,2,1,42,1,Low
INT1923,67,27,76,1,6,54,1,Medium
INT1924,77,15,89,5,6,45,0,High
INT1925,91,24,51,4,4,29,5,Low
INT1926,71,6,62,1,10,27,5,Low
INT1927,70,19,81,5,3,47,0,High
INT1928,55,18,80,4,3,76,5,Medium
INT1929,50,24,65,3,1,32,5,Low
INT1930,54,26,81,1,3,25,2,Low
INT1931,90,15,81,1,4,68,2,Medium
INT1932,61,7,83,3,5,78,0,High
INT1933,75,21,60,3,3,77,3,Medium
INT1934,95,16,59,1,6,30,1,Low
INT1935,83,28,64,3,5,87,2,High
INT1936,98,25,66,2,3,87,1,High
INT1937,63,19,89,4,6,79,4,Medium
INT1938,75,20,67,4,6,21,0,High
INT1939,94,9,58,4,8,25,3,Medium
INT1940,76,24,74,2,2,90,4,Medium
INT1941,58,10,89,3,1,96,4,Medium
INT1942,75,23,63,5,4,23,5,Medium
INT1943,96,29,74,3,7,70,4,Medium
INT1944,71,9,99,1,10,80,0,Medium
INT1945,96,7,71,4,3,55,2,Medium
INT1946,79,5,79,3,3,41,0,Medium
INT1947,92,30,69,5,5,24,2,High
INT1948,97,10,70,1,5,53,4,Low
INT1949,66,19,93,2,10,26,4,Low
INT1950,75,6,81,2,3,50,3,Low
INT1951,85,7,100,5,9,63,2,High
INT1952,50,21,95,1,4,53,4,Low
INT1953,57,29,98,4,3,14,5,Medium
INT1954,98,28,70,3,2,36,1,High
INT1955,84,16,84,1,10,96,3,Medium
INT1956,64,22,81,2,9,87,0,High
INT1957,96,19,79,5,4,88,3,High
INT1958,71,16,88,5,3,52,1,High
INT1959,63,20,98,3,7,40,2,Medium
INT1960,75,12,61,5,8,26,0,High
INT1961,77,18,90,5,2,92,0,High
INT1962,72,29,96,1,7,63,2,Medium
INT1963,63,21,67,4,5,71,3,Medium
INT1964,73,25,70,3,5,96,4,Medium
INT1965,51,12,62,1,3,41,3,Low
INT1966,94,19,70,4,5,49,1,High
INT1967,75,18,57,1,2,22,5,Low
INT1968,63,22,95,1,4,93,4,Medium
INT1969,100,24,89,5,6,44,3,High
INT1970,56,11,95,4,1,14,5,Low
INT1971,52,7,56,3,10,82,5,Low
INT1972,96,16,72,3,4,38,2,Medium
INT1973,72,25,93,4,6,79,1,High
INT1974,95,28,81,5,9,34,1,High
INT1975,92,30,60,2,2,31,1,Medium
INT1976,96,7,71,1,7,75,4,Low
INT1977,94,24,71,5,6,54,0,High
INT1978,67,18,92,4,2,78,4,Medium
INT1979,87,19,74,1,8,100,3,Medium
INT1980,84,29,71,3,7,98,5,Medium
INT1981,100,18,77,2,5,81,5,Medium
INT1982,64,11,78,3,5,10,0,Medium
INT1983,74,21,62,4,7,93,3,High
INT1984,86,16,67,1,9,53,0,Medium
INT1985,77,24,51,4,9,96,5,Medium
INT1986,59,8,78,1,9,84,4,Low
INT1987,88,13,70,5,6,48,1,High
INT1988,66,10,64,2,10,63,5,Low
INT1989,88,20,76,5,6,97,2,High
INT1990,71,29,99,5,3,84,1,High
INT1991,75,26,80,4,1,38,5,Medium
INT1992,93,26,64,2,7,63,4,Medium
INT1993,74,25,100,1,4,99,0,High
INT1994,66,25,72,1,1,25,1,Low
INT1995,62,6,73,3,8,29,4,Low
INT1996,69,28,93,1,6,55,3,Medium
INT1997,74,12,62,4,6,76,2,Medium
INT1998,53,15,71,5,2,74,1,High
INT1999,59,17,92,5,1,67,0,High
INT2000,52,21,86,5,2,62,3,High
